Epoch,Train Loss,Time
1,344.95714743450435,145.6012794971466
2,228.02497700970582,146.75057697296143
3,187.00107258738893,146.35216212272644
4,165.3184998396671,145.98476648330688
5,162.46895492919768,145.7193365097046
6,132.62256331516033,146.93594646453857
7,108.1118895273016,146.3386914730072
8,95.16845893619036,146.55925345420837
9,75.47800559226913,146.26157903671265
10,77.96168859077223,146.61814141273499
